code,np,N,eps_h,total_s,assembly_s,matvec_s,nsteps,matvec_ms_per_step,mem_MB
hbi,1,4000,1d-4,86.341658744000142,4.8883953399999882,1.6110970675640738E-309,3978,0.0000,25.293350219726562
hbi,2,4000,1d-4,NA,NA,NA,NA,NA,25.293350219726562
hbi,4,4000,1d-4,31.221840831000009,1.6549835619998703,19.100007457016318,3977,4.8026,25.613922119140625
hbi,8,4000,1d-4,NA,NA,NA,NA,NA,25.613922119140625
hbi,16,4000,1d-4,12.495477115999847,0.53161030199999004,NaN,3982,0.0000,27.941940307617188
hbi,24,4000,1d-4,NA,NA,NA,NA,NA,27.941940307617188
hbi,48,4000,1d-4,NA,NA,NA,NA,NA,28.802452087402344
