code,np,N,eps_h,total_s,assembly_s,matvec_s,nsteps,matvec_ms_per_step,mem_MB
hbi,1,16000,1d-1,610.40763778500013,17.735592796000219,599.74556997501304,8779,68.3159,67.685546875000000
hbi,4,16000,1d-1,311.05880583399994,7.8548369810000622,304.72863580298690,8760,34.7864,68.051895141601562
hbi,9,16000,1d-1,228.31253819399998,4.6751809710000032,223.57278421000143,8753,25.5424,68.815383911132812
hbi,16,16000,1d-1,138.85438920399997,3.4401501419999931,135.11960371800149,8753,15.4369,68.815383911132812
hbi,25,16000,1d-1,115.73810621100006,2.6326202160000776,112.60027447400716,8768,12.8422,70.671035766601562
hbi,36,16000,1d-1,101.75823217000004,2.4090183179999940,98.829428772004462,8766,11.2742,70.671035766601562
