code,np,N,eps_h,total_s,assembly_s,matvec_s,nsteps,matvec_ms_per_step,mem_MB
hbi,1,16000,1d-1,610.45027051899990,16.728246396999964,599.78554795798937,8780,68.3127,67.685546875000000
hbi,4,16000,1d-1,311.45166267900004,7.7847495140001683,305.14012159299500,8759,34.8373,68.051895141601562
hbi,9,16000,1d-1,227.64145521099999,4.6664040709999881,222.86617316801107,8756,25.4530,68.815383911132812
hbi,16,16000,1d-1,140.04209116199991,3.4360032940001020,136.20813434000911,8753,15.5613,68.815383911132812
hbi,25,16000,1d-1,115.51725436600009,2.5737279420000050,112.29542059799087,8766,12.8103,70.671035766601562
hbi,36,16000,1d-1,100.66538072000003,2.4372191380000459,97.463718956002822,8769,11.1146,70.671035766601562
