code,np,N,eps_h,total_s,assembly_s,matvec_s,nsteps,matvec_ms_per_step,mem_MB
hbi,1,4000,1d-1,55.894938120999996,3.8627442539996082,54.569956692017513,3988,13.6835,12.270126342773438
hbi,4,4000,1d-1,26.740300129999923,2.0433225269998729,25.897245479005051,3997,6.4792,12.331298828125000
hbi,9,4000,1d-1,20.652707581999948,1.0092722719996345,19.926141205014574,3992,4.9915,12.537841796875000
hbi,16,4000,1d-1,13.486604927999906,0.65478931400002693,12.812123724987032,3977,3.2216,13.381507873535156
hbi,25,4000,1d-1,12.499078188000112,0.40895352699999421,11.813540086014655,3981,2.9675,13.229827880859375
hbi,36,4000,1d-1,11.206353449999824,0.37661357200022394,10.380490299999110,3983,2.6062,13.229827880859375
